{"cameraMode":{"drawMode":1,"name":"Wireframe","section":"Shading Mode"},"sceneLighting":true,"audioPlay":false,"sceneViewState":{"showFog":true,"showMaterialUpdate":false,"showSkybox":true,"showFlares":true,"showImageEffects":true,"showParticleSystems":true},"in2DMode":false,"pivot":{"x":-1.3681668043136597,"y":-1.0861399173736573,"z":0.08355386555194855},"rotation":{"x":-0.09816983342170716,"y":0.8863137364387512,"z":-0.22000740468502046,"w":-0.39548352360725405},"size":10.0,"orthographic":false}