{"cameraMode":{"drawMode":0,"name":"Shaded","section":"Shading Mode"},"sceneLighting":true,"audioPlay":false,"sceneViewState":{"showFog":true,"showMaterialUpdate":false,"showSkybox":true,"showFlares":true,"showImageEffects":true,"showParticleSystems":true},"in2DMode":false,"pivot":{"x":-6.396999359130859,"y":-28.89606285095215,"z":3.275578498840332},"rotation":{"x":0.2093452513217926,"y":-0.6719059348106384,"z":0.20696863532066346,"w":0.6796207427978516},"size":25.80402183532715,"orthographic":false}