{"cameraMode":{"drawMode":0,"name":"Shaded","section":"Shading Mode"},"sceneLighting":true,"audioPlay":false,"sceneViewState":{"showFog":true,"showMaterialUpdate":true,"showSkybox":true,"showFlares":true,"showImageEffects":true,"showParticleSystems":true},"in2DMode":false,"pivot":{"x":75.87294006347656,"y":-18.39099884033203,"z":38.40037536621094},"rotation":{"x":-0.11573976278305054,"y":-0.4934019446372986,"z":0.06635710597038269,"w":-0.8595362901687622},"size":34.663673400878909,"orthographic":false}