{"cameraMode":{"drawMode":0,"name":"Shaded","section":"Shading Mode"},"sceneLighting":true,"audioPlay":false,"sceneViewState":{"showFog":true,"showMaterialUpdate":true,"showSkybox":true,"showFlares":true,"showImageEffects":true,"showParticleSystems":true},"in2DMode":false,"pivot":{"x":44.01739501953125,"y":-16.8841495513916,"z":-0.31783613562583926},"rotation":{"x":-0.16409975290298463,"y":-0.6925140619277954,"z":0.16630758345127107,"w":-0.6825860142707825},"size":28.37082862854004,"orthographic":false}